,PassengerId,Survived,Pclass,Age,SibSp,Parch,Fare,Sex_male,Embarked_Q,Embarked_S,Title_Col,Title_Countess,Title_Don,Title_Dr,Title_Jonkheer,Title_Lady,Title_Major,Title_Master,Title_Miss,Title_Mlle,Title_Mme,Title_Mr,Title_Mrs,Title_Ms,Title_Rev,Title_Sir
0,1,0,3,22.0,1,0,7.25,True,False,True,False,False,False,False,False,False,False,False,False,False,False,True,False,False,False,False
1,2,1,1,38.0,1,0,71.2833,False,False,False,False,False,False,False,False,False,False,False,False,False,False,False,True,False,False,False
2,3,1,3,26.0,0,0,7.925,False,False,True,False,False,False,False,False,False,False,False,True,False,False,False,False,False,False,False
3,4,1,1,35.0,1,0,53.1,False,False,True,False,False,False,False,False,False,False,False,False,False,False,False,True,False,False,False
4,5,0,3,35.0,0,0,8.05,True,False,True,False,False,False,False,False,False,False,False,False,False,False,True,False,False,False,False
6,7,0,1,54.0,0,0,51.8625,True,False,True,False,False,False,False,False,False,False,False,False,False,False,True,False,False,False,False
7,8,0,3,2.0,3,1,21.075,True,False,True,False,False,False,False,False,False,False,True,False,False,False,False,False,False,False,False
8,9,1,3,27.0,0,2,11.1333,False,False,True,False,False,False,False,False,False,False,False,False,False,False,False,True,False,False,False
9,10,1,2,14.0,1,0,30.0708,False,False,False,False,False,False,False,False,False,False,False,False,False,False,False,True,False,False,False
10,11,1,3,4.0,1,1,16.7,False,False,True,False,False,False,False,False,False,False,False,True,False,False,False,False,False,False,False
11,12,1,1,58.0,0,0,26.55,False,False,True,False,False,False,False,False,False,False,False,True,False,False,False,False,False,False,False
12,13,0,3,20.0,0,0,8.05,True,False,True,False,False,False,False,False,False,False,False,False,False,False,True,False,False,False,False
13,14,0,3,39.0,1,5,31.275,True,False,True,False,False,False,False,False,False,False,False,False,False,False,True,False,False,False,False
14,15,0,3,14.0,0,0,7.8542,False,False,True,False,False,False,False,False,False,False,False,True,False,False,False,False,False,False,False
15,16,1,2,55.0,0,0,16.0,False,False,True,False,False,False,False,False,False,False,False,False,False,False,False,True,False,False,False
16,17,0,3,2.0,4,1,29.125,True,True,False,False,False,False,False,False,False,False,True,False,False,False,False,False,False,False,False
18,19,0,3,31.0,1,0,18.0,False,False,True,False,False,False,False,False,False,False,False,False,False,False,False,True,False,False,False
20,21,0,2,35.0,0,0,26.0,True,False,True,False,False,False,False,False,False,False,False,False,False,False,True,False,False,False,False
21,22,1,2,34.0,0,0,13.0,True,False,True,False,False,False,False,False,False,False,False,False,False,False,True,False,False,False,False
22,23,1,3,15.0,0,0,8.0292,False,True,False,False,False,False,False,False,False,False,False,True,False,False,False,False,False,False,False
23,24,1,1,28.0,0,0,35.5,True,False,True,False,False,False,False,False,False,False,False,False,False,False,True,False,False,False,False
24,25,0,3,8.0,3,1,21.075,False,False,True,False,False,False,False,False,False,False,False,True,False,False,False,False,False,False,False
25,26,1,3,38.0,1,5,31.3875,False,False,True,False,False,False,False,False,False,False,False,False,False,False,False,True,False,False,False
27,28,0,1,19.0,3,2,263.0,True,False,True,False,False,False,False,False,False,False,False,False,False,False,True,False,False,False,False
30,31,0,1,40.0,0,0,27.7208,True,False,False,False,False,True,False,False,False,False,False,False,False,False,False,False,False,False,False
33,34,0,2,66.0,0,0,10.5,True,False,True,False,False,False,False,False,False,False,False,False,False,False,True,False,False,False,False
34,35,0,1,28.0,1,0,82.1708,True,False,False,False,False,False,False,False,False,False,False,False,False,False,True,False,False,False,False
35,36,0,1,42.0,1,0,52.0,True,False,True,False,False,False,False,False,False,False,False,False,False,False,True,False,False,False,False
37,38,0,3,21.0,0,0,8.05,True,False,True,False,False,False,False,False,False,False,False,False,False,False,True,False,False,False,False
38,39,0,3,18.0,2,0,18.0,False,False,True,False,False,False,False,False,False,False,False,True,False,False,False,False,False,False,False
39,40,1,3,14.0,1,0,11.2417,False,False,False,False,False,False,False,False,False,False,False,True,False,False,False,False,False,False,False
40,41,0,3,40.0,1,0,9.475,False,False,True,False,False,False,False,False,False,False,False,False,False,False,False,True,False,False,False
41,42,0,2,27.0,1,0,21.0,False,False,True,False,False,False,False,False,False,False,False,False,False,False,False,True,False,False,False
43,44,1,2,3.0,1,2,41.5792,False,False,False,False,False,False,False,False,False,False,False,True,False,False,False,False,False,False,False
44,45,1,3,19.0,0,0,7.8792,False,True,False,False,False,False,False,False,False,False,False,True,False,False,False,False,False,False,False
49,50,0,3,18.0,1,0,17.8,False,False,True,False,False,False,False,False,False,False,False,False,False,False,False,True,False,False,False
50,51,0,3,7.0,4,1,39.6875,True,False,True,False,False,False,False,False,False,False,True,False,False,False,False,False,False,False,False
51,52,0,3,21.0,0,0,7.8,True,False,True,False,False,False,False,False,False,False,False,False,False,False,True,False,False,False,False
52,53,1,1,49.0,1,0,76.7292,False,False,False,False,False,False,False,False,False,False,False,False,False,False,False,True,False,False,False
53,54,1,2,29.0,1,0,26.0,False,False,True,False,False,False,False,False,False,False,False,False,False,False,False,True,False,False,False
54,55,0,1,65.0,0,1,61.9792,True,False,False,False,False,False,False,False,False,False,False,False,False,False,True,False,False,False,False
56,57,1,2,21.0,0,0,10.5,False,False,True,False,False,False,False,False,False,False,False,True,False,False,False,False,False,False,False
57,58,0,3,28.5,0,0,7.2292,True,False,False,False,False,False,False,False,False,False,False,False,False,False,True,False,False,False,False
58,59,1,2,5.0,1,2,27.75,False,False,True,False,False,False,False,False,False,False,False,True,False,False,False,False,False,False,False
59,60,0,3,11.0,5,2,46.9,True,False,True,False,False,False,False,False,False,False,True,False,False,False,False,False,False,False,False
60,61,0,3,22.0,0,0,7.2292,True,False,False,False,False,False,False,False,False,False,False,False,False,False,True,False,False,False,False
61,62,1,1,38.0,0,0,80.0,False,False,True,False,False,False,False,False,False,False,False,True,False,False,False,False,False,False,False
62,63,0,1,45.0,1,0,83.475,True,False,True,False,False,False,False,False,False,False,False,False,False,False,True,False,False,False,False
63,64,0,3,4.0,3,2,27.9,True,False,True,False,False,False,False,False,False,False,True,False,False,False,False,False,False,False,False
66,67,1,2,29.0,0,0,10.5,False,False,True,False,False,False,False,False,False,False,False,False,False,False,False,True,False,False,False
67,68,0,3,19.0,0,0,8.1583,True,False,True,False,False,False,False,False,False,False,False,False,False,False,True,False,False,False,False
68,69,1,3,17.0,4,2,7.925,False,False,True,False,False,False,False,False,False,False,False,True,False,False,False,False,False,False,False
69,70,0,3,26.0,2,0,8.6625,True,False,True,False,False,False,False,False,False,False,False,False,False,False,True,False,False,False,False
70,71,0,2,32.0,0,0,10.5,True,False,True,False,False,False,False,False,False,False,False,False,False,False,True,False,False,False,False
71,72,0,3,16.0,5,2,46.9,False,False,True,False,False,False,False,False,False,False,False,True,False,False,False,False,False,False,False
72,73,0,2,21.0,0,0,73.5,True,False,True,False,False,False,False,False,False,False,False,False,False,False,True,False,False,False,False
73,74,0,3,26.0,1,0,14.4542,True,False,False,False,False,False,False,False,False,False,False,False,False,False,True,False,False,False,False
74,75,1,3,32.0,0,0,56.4958,True,False,True,False,False,False,False,False,False,False,False,False,False,False,True,False,False,False,False
75,76,0,3,25.0,0,0,7.65,True,False,True,False,False,False,False,False,False,False,False,False,False,False,True,False,False,False,False
78,79,1,2,0.83,0,2,29.0,True,False,True,False,False,False,False,False,False,False,True,False,False,False,False,False,False,False,False
79,80,1,3,30.0,0,0,12.475,False,False,True,False,False,False,False,False,False,False,False,True,False,False,False,False,False,False,False
80,81,0,3,22.0,0,0,9.0,True,False,True,False,False,False,False,False,False,False,False,False,False,False,True,False,False,False,False
81,82,1,3,29.0,0,0,9.5,True,False,True,False,False,False,False,False,False,False,False,False,False,False,True,False,False,False,False
83,84,0,1,28.0,0,0,47.1,True,False,True,False,False,False,False,False,False,False,False,False,False,False,True,False,False,False,False
84,85,1,2,17.0,0,0,10.5,False,False,True,False,False,False,False,False,False,False,False,True,False,False,False,False,False,False,False
85,86,1,3,33.0,3,0,15.85,False,False,True,False,False,False,False,False,False,False,False,False,False,False,False,True,False,False,False
86,87,0,3,16.0,1,3,34.375,True,False,True,False,False,False,False,False,False,False,False,False,False,False,True,False,False,False,False
88,89,1,1,23.0,3,2,263.0,False,False,True,False,False,False,False,False,False,False,False,True,False,False,False,False,False,False,False
89,90,0,3,24.0,0,0,8.05,True,False,True,False,False,False,False,False,False,False,False,False,False,False,True,False,False,False,False
90,91,0,3,29.0,0,0,8.05,True,False,True,False,False,False,False,False,False,False,False,False,False,False,True,False,False,False,False
91,92,0,3,20.0,0,0,7.8542,True,False,True,False,False,False,False,False,False,False,False,False,False,False,True,False,False,False,False
92,93,0,1,46.0,1,0,61.175,True,False,True,False,False,False,False,False,False,False,False,False,False,False,True,False,False,False,False
93,94,0,3,26.0,1,2,20.575,True,False,True,False,False,False,False,False,False,False,False,False,False,False,True,False,False,False,False
94,95,0,3,59.0,0,0,7.25,True,False,True,False,False,False,False,False,False,False,False,False,False,False,True,False,False,False,False
96,97,0,1,71.0,0,0,34.6542,True,False,False,False,False,False,False,False,False,False,False,False,False,False,True,False,False,False,False
97,98,1,1,23.0,0,1,63.3583,True,False,False,False,False,False,False,False,False,False,False,False,False,False,True,False,False,False,False
98,99,1,2,34.0,0,1,23.0,False,False,True,False,False,False,False,False,False,False,False,False,False,False,False,True,False,False,False
99,100,0,2,34.0,1,0,26.0,True,False,True,False,False,False,False,False,False,False,False,False,False,False,True,False,False,False,False
100,101,0,3,28.0,0,0,7.8958,False,False,True,False,False,False,False,False,False,False,False,True,False,False,False,False,False,False,False
102,103,0,1,21.0,0,1,77.2875,True,False,True,False,False,False,False,False,False,False,False,False,False,False,True,False,False,False,False
103,104,0,3,33.0,0,0,8.6542,True,False,True,False,False,False,False,False,False,False,False,False,False,False,True,False,False,False,False
104,105,0,3,37.0,2,0,7.925,True,False,True,False,False,False,False,False,False,False,False,False,False,False,True,False,False,False,False
105,106,0,3,28.0,0,0,7.8958,True,False,True,False,False,False,False,False,False,False,False,False,False,False,True,False,False,False,False
106,107,1,3,21.0,0,0,7.65,False,False,True,False,False,False,False,False,False,False,False,True,False,False,False,False,False,False,False
108,109,0,3,38.0,0,0,7.8958,True,False,True,False,False,False,False,False,False,False,False,False,False,False,True,False,False,False,False
110,111,0,1,47.0,0,0,52.0,True,False,True,False,False,False,False,False,False,False,False,False,False,False,True,False,False,False,False
111,112,0,3,14.5,1,0,14.4542,False,False,False,False,False,False,False,False,False,False,False,True,False,False,False,False,False,False,False
112,113,0,3,22.0,0,0,8.05,True,False,True,False,False,False,False,False,False,False,False,False,False,False,True,False,False,False,False
113,114,0,3,20.0,1,0,9.825,False,False,True,False,False,False,False,False,False,False,False,True,False,False,False,False,False,False,False
114,115,0,3,17.0,0,0,14.4583,False,False,False,False,False,False,False,False,False,False,False,True,False,False,False,False,False,False,False
115,116,0,3,21.0,0,0,7.925,True,False,True,False,False,False,False,False,False,False,False,False,False,False,True,False,False,False,False
116,117,0,3,70.5,0,0,7.75,True,True,False,False,False,False,False,False,False,False,False,False,False,False,True,False,False,False,False
117,118,0,2,29.0,1,0,21.0,True,False,True,False,False,False,False,False,False,False,False,False,False,False,True,False,False,False,False
118,119,0,1,24.0,0,1,247.5208,True,False,False,False,False,False,False,False,False,False,False,False,False,False,True,False,False,False,False
119,120,0,3,2.0,4,2,31.275,False,False,True,False,False,False,False,False,False,False,False,True,False,False,False,False,False,False,False
120,121,0,2,21.0,2,0,73.5,True,False,True,False,False,False,False,False,False,False,False,False,False,False,True,False,False,False,False
122,123,0,2,32.5,1,0,30.0708,True,False,False,False,False,False,False,False,False,False,False,False,False,False,True,False,False,False,False
123,124,1,2,32.5,0,0,13.0,False,False,True,False,False,False,False,False,False,False,False,True,False,False,False,False,False,False,False
124,125,0,1,54.0,0,1,77.2875,True,False,True,False,False,False,False,False,False,False,False,False,False,False,True,False,False,False,False
125,126,1,3,12.0,1,0,11.2417,True,False,False,False,False,False,False,False,False,False,True,False,False,False,False,False,False,False,False
127,128,1,3,24.0,0,0,7.1417,True,False,True,False,False,False,False,False,False,False,False,False,False,False,True,False,False,False,False
129,130,0,3,45.0,0,0,6.975,True,False,True,False,False,False,False,False,False,False,False,False,False,False,True,False,False,False,False
130,131,0,3,33.0,0,0,7.8958,True,False,False,False,False,False,False,False,False,False,False,False,False,False,True,False,False,False,False
131,132,0,3,20.0,0,0,7.05,True,False,True,False,False,False,False,False,False,False,False,False,False,False,True,False,False,False,False
132,133,0,3,47.0,1,0,14.5,False,False,True,False,False,False,False,False,False,False,False,False,False,False,False,True,False,False,False
133,134,1,2,29.0,1,0,26.0,False,False,True,False,False,False,False,False,False,False,False,False,False,False,False,True,False,False,False
134,135,0,2,25.0,0,0,13.0,True,False,True,False,False,False,False,False,False,False,False,False,False,False,True,False,False,False,False
135,136,0,2,23.0,0,0,15.0458,True,False,False,False,False,False,False,False,False,False,False,False,False,False,True,False,False,False,False
136,137,1,1,19.0,0,2,26.2833,False,False,True,False,False,False,False,False,False,False,False,True,False,False,False,False,False,False,False
137,138,0,1,37.0,1,0,53.1,True,False,True,False,False,False,False,False,False,False,False,False,False,False,True,False,False,False,False
138,139,0,3,16.0,0,0,9.2167,True,False,True,False,False,False,False,False,False,False,False,False,False,False,True,False,False,False,False
139,140,0,1,24.0,0,0,79.2,True,False,False,False,False,False,False,False,False,False,False,False,False,False,True,False,False,False,False
141,142,1,3,22.0,0,0,7.75,False,False,True,False,False,False,False,False,False,False,False,True,False,False,False,False,False,False,False
142,143,1,3,24.0,1,0,15.85,False,False,True,False,False,False,False,False,False,False,False,False,False,False,False,True,False,False,False
143,144,0,3,19.0,0,0,6.75,True,True,False,False,False,False,False,False,False,False,False,False,False,False,True,False,False,False,False
144,145,0,2,18.0,0,0,11.5,True,False,True,False,False,False,False,False,False,False,False,False,False,False,True,False,False,False,False
145,146,0,2,19.0,1,1,36.75,True,False,True,False,False,False,False,False,False,False,False,False,False,False,True,False,False,False,False
146,147,1,3,27.0,0,0,7.7958,True,False,True,False,False,False,False,False,False,False,False,False,False,False,True,False,False,False,False
147,148,0,3,9.0,2,2,34.375,False,False,True,False,False,False,False,False,False,False,False,True,False,False,False,False,False,False,False
148,149,0,2,36.5,0,2,26.0,True,False,True,False,False,False,False,False,False,False,False,False,False,False,True,False,False,False,False
149,150,0,2,42.0,0,0,13.0,True,False,True,False,False,False,False,False,False,False,False,False,False,False,False,False,False,True,False
150,151,0,2,51.0,0,0,12.525,True,False,True,False,False,False,False,False,False,False,False,False,False,False,False,False,False,True,False
151,152,1,1,22.0,1,0,66.6,False,False,True,False,False,False,False,False,False,False,False,False,False,False,False,True,False,False,False
152,153,0,3,55.5,0,0,8.05,True,False,True,False,False,False,False,False,False,False,False,False,False,False,True,False,False,False,False
153,154,0,3,40.5,0,2,14.5,True,False,True,False,False,False,False,False,False,False,False,False,False,False,True,False,False,False,False
155,156,0,1,51.0,0,1,61.3792,True,False,False,False,False,False,False,False,False,False,False,False,False,False,True,False,False,False,False
156,157,1,3,16.0,0,0,7.7333,False,True,False,False,False,False,False,False,False,False,False,True,False,False,False,False,False,False,False
157,158,0,3,30.0,0,0,8.05,True,False,True,False,False,False,False,False,False,False,False,False,False,False,True,False,False,False,False
160,161,0,3,44.0,0,1,16.1,True,False,True,False,False,False,False,False,False,False,False,False,False,False,True,False,False,False,False
161,162,1,2,40.0,0,0,15.75,False,False,True,False,False,False,False,False,False,False,False,False,False,False,False,True,False,False,False
162,163,0,3,26.0,0,0,7.775,True,False,True,False,False,False,False,False,False,False,False,False,False,False,True,False,False,False,False
163,164,0,3,17.0,0,0,8.6625,True,False,True,False,False,False,False,False,False,False,False,False,False,False,True,False,False,False,False
164,165,0,3,1.0,4,1,39.6875,True,False,True,False,False,False,False,False,False,False,True,False,False,False,False,False,False,False,False
165,166,1,3,9.0,0,2,20.525,True,False,True,False,False,False,False,False,False,False,True,False,False,False,False,False,False,False,False
167,168,0,3,45.0,1,4,27.9,False,False,True,False,False,False,False,False,False,False,False,False,False,False,False,True,False,False,False
169,170,0,3,28.0,0,0,56.4958,True,False,True,False,False,False,False,False,False,False,False,False,False,False,True,False,False,False,False
170,171,0,1,61.0,0,0,33.5,True,False,True,False,False,False,False,False,False,False,False,False,False,False,True,False,False,False,False
171,172,0,3,4.0,4,1,29.125,True,True,False,False,False,False,False,False,False,False,True,False,False,False,False,False,False,False,False
172,173,1,3,1.0,1,1,11.1333,False,False,True,False,False,False,False,False,False,False,False,True,False,False,False,False,False,False,False
173,174,0,3,21.0,0,0,7.925,True,False,True,False,False,False,False,False,False,False,False,False,False,False,True,False,False,False,False
174,175,0,1,56.0,0,0,30.6958,True,False,False,False,False,False,False,False,False,False,False,False,False,False,True,False,False,False,False
175,176,0,3,18.0,1,1,7.8542,True,False,True,False,False,False,False,False,False,False,False,False,False,False,True,False,False,False,False
177,178,0,1,50.0,0,0,28.7125,False,False,False,False,False,False,False,False,False,False,False,True,False,False,False,False,False,False,False
178,179,0,2,30.0,0,0,13.0,True,False,True,False,False,False,False,False,False,False,False,False,False,False,True,False,False,False,False
179,180,0,3,36.0,0,0,0.0,True,False,True,False,False,False,False,False,False,False,False,False,False,False,True,False,False,False,False
182,183,0,3,9.0,4,2,31.3875,True,False,True,False,False,False,False,False,False,False,True,False,False,False,False,False,False,False,False
183,184,1,2,1.0,2,1,39.0,True,False,True,False,False,False,False,False,False,False,True,False,False,False,False,False,False,False,False
184,185,1,3,4.0,0,2,22.025,False,False,True,False,False,False,False,False,False,False,False,True,False,False,False,False,False,False,False
187,188,1,1,45.0,0,0,26.55,True,False,True,False,False,False,False,False,False,False,False,False,False,False,True,False,False,False,False
188,189,0,3,40.0,1,1,15.5,True,True,False,False,False,False,False,False,False,False,False,False,False,False,True,False,False,False,False
189,190,0,3,36.0,0,0,7.8958,True,False,True,False,False,False,False,False,False,False,False,False,False,False,True,False,False,False,False
190,191,1,2,32.0,0,0,13.0,False,False,True,False,False,False,False,False,False,False,False,False,False,False,False,True,False,False,False
191,192,0,2,19.0,0,0,13.0,True,False,True,False,False,False,False,False,False,False,False,False,False,False,True,False,False,False,False
192,193,1,3,19.0,1,0,7.8542,False,False,True,False,False,False,False,False,False,False,False,True,False,False,False,False,False,False,False
193,194,1,2,3.0,1,1,26.0,True,False,True,False,False,False,False,False,False,False,True,False,False,False,False,False,False,False,False
194,195,1,1,44.0,0,0,27.7208,False,False,False,False,False,False,False,False,False,False,False,False,False,False,False,True,False,False,False
195,196,1,1,58.0,0,0,146.5208,False,False,False,False,False,False,False,False,False,False,False,True,False,False,False,False,False,False,False
197,198,0,3,42.0,0,1,8.4042,True,False,True,False,False,False,False,False,False,False,False,False,False,False,True,False,False,False,False
199,200,0,2,24.0,0,0,13.0,False,False,True,False,False,False,False,False,False,False,False,True,False,False,False,False,False,False,False
200,201,0,3,28.0,0,0,9.5,True,False,True,False,False,False,False,False,False,False,False,False,False,False,True,False,False,False,False
202,203,0,3,34.0,0,0,6.4958,True,False,True,False,False,False,False,False,False,False,False,False,False,False,True,False,False,False,False
203,204,0,3,45.5,0,0,7.225,True,False,False,False,False,False,False,False,False,False,False,False,False,False,True,False,False,False,False
204,205,1,3,18.0,0,0,8.05,True,False,True,False,False,False,False,False,False,False,False,False,False,False,True,False,False,False,False
205,206,0,3,2.0,0,1,10.4625,False,False,True,False,False,False,False,False,False,False,False,True,False,False,False,False,False,False,False
206,207,0,3,32.0,1,0,15.85,True,False,True,False,False,False,False,False,False,False,False,False,False,False,True,False,False,False,False
207,208,1,3,26.0,0,0,18.7875,True,False,False,False,False,False,False,False,False,False,False,False,False,False,True,False,False,False,False
208,209,1,3,16.0,0,0,7.75,False,True,False,False,False,False,False,False,False,False,False,True,False,False,False,False,False,False,False
209,210,1,1,40.0,0,0,31.0,True,False,False,False,False,False,False,False,False,False,False,False,False,False,True,False,False,False,False
210,211,0,3,24.0,0,0,7.05,True,False,True,False,False,False,False,False,False,False,False,False,False,False,True,False,False,False,False
211,212,1,2,35.0,0,0,21.0,False,False,True,False,False,False,False,False,False,False,False,True,False,False,False,False,False,False,False
212,213,0,3,22.0,0,0,7.25,True,False,True,False,False,False,False,False,False,False,False,False,False,False,True,False,False,False,False
213,214,0,2,30.0,0,0,13.0,True,False,True,False,False,False,False,False,False,False,False,False,False,False,True,False,False,False,False
215,216,1,1,31.0,1,0,113.275,False,False,False,False,False,False,False,False,False,False,False,True,False,False,False,False,False,False,False
216,217,1,3,27.0,0,0,7.925,False,False,True,False,False,False,False,False,False,False,False,True,False,False,False,False,False,False,False
217,218,0,2,42.0,1,0,27.0,True,False,True,False,False,False,False,False,False,False,False,False,False,False,True,False,False,False,False
218,219,1,1,32.0,0,0,76.2917,False,False,False,False,False,False,False,False,False,False,False,True,False,False,False,False,False,False,False
219,220,0,2,30.0,0,0,10.5,True,False,True,False,False,False,False,False,False,False,False,False,False,False,True,False,False,False,False
220,221,1,3,16.0,0,0,8.05,True,False,True,False,False,False,False,False,False,False,False,False,False,False,True,False,False,False,False
221,222,0,2,27.0,0,0,13.0,True,False,True,False,False,False,False,False,False,False,False,False,False,False,True,False,False,False,False
222,223,0,3,51.0,0,0,8.05,True,False,True,False,False,False,False,False,False,False,False,False,False,False,True,False,False,False,False
224,225,1,1,38.0,1,0,90.0,True,False,True,False,False,False,False,False,False,False,False,False,False,False,True,False,False,False,False
225,226,0,3,22.0,0,0,9.35,True,False,True,False,False,False,False,False,False,False,False,False,False,False,True,False,False,False,False
226,227,1,2,19.0,0,0,10.5,True,False,True,False,False,False,False,False,False,False,False,False,False,False,True,False,False,False,False
227,228,0,3,20.5,0,0,7.25,True,False,True,False,False,False,False,False,False,False,False,False,False,False,True,False,False,False,False
228,229,0,2,18.0,0,0,13.0,True,False,True,False,False,False,False,False,False,False,False,False,False,False,True,False,False,False,False
230,231,1,1,35.0,1,0,83.475,False,False,True,False,False,False,False,False,False,False,False,False,False,False,False,True,False,False,False
231,232,0,3,29.0,0,0,7.775,True,False,True,False,False,False,False,False,False,False,False,False,False,False,True,False,False,False,False
232,233,0,2,59.0,0,0,13.5,True,False,True,False,False,False,False,False,False,False,False,False,False,False,True,False,False,False,False
233,234,1,3,5.0,4,2,31.3875,False,False,True,False,False,False,False,False,False,False,False,True,False,False,False,False,False,False,False
234,235,0,2,24.0,0,0,10.5,True,False,True,False,False,False,False,False,False,False,False,False,False,False,True,False,False,False,False
236,237,0,2,44.0,1,0,26.0,True,False,True,False,False,False,False,False,False,False,False,False,False,False,True,False,False,False,False
237,238,1,2,8.0,0,2,26.25,False,False,True,False,False,False,False,False,False,False,False,True,False,False,False,False,False,False,False
238,239,0,2,19.0,0,0,10.5,True,False,True,False,False,False,False,False,False,False,False,False,False,False,True,False,False,False,False
239,240,0,2,33.0,0,0,12.275,True,False,True,False,False,False,False,False,False,False,False,False,False,False,True,False,False,False,False
242,243,0,2,29.0,0,0,10.5,True,False,True,False,False,False,False,False,False,False,False,False,False,False,True,False,False,False,False
243,244,0,3,22.0,0,0,7.125,True,False,True,False,False,False,False,False,False,False,False,False,False,False,True,False,False,False,False
244,245,0,3,30.0,0,0,7.225,True,False,False,False,False,False,False,False,False,False,False,False,False,False,True,False,False,False,False
245,246,0,1,44.0,2,0,90.0,True,True,False,False,False,False,True,False,False,False,False,False,False,False,False,False,False,False,False
246,247,0,3,25.0,0,0,7.775,False,False,True,False,False,False,False,False,False,False,False,True,False,False,False,False,False,False,False
247,248,1,2,24.0,0,2,14.5,False,False,True,False,False,False,False,False,False,False,False,False,False,False,False,True,False,False,False
248,249,1,1,37.0,1,1,52.5542,True,False,True,False,False,False,False,False,False,False,False,False,False,False,True,False,False,False,False
249,250,0,2,54.0,1,0,26.0,True,False,True,False,False,False,False,False,False,False,False,False,False,False,False,False,False,True,False
251,252,0,3,29.0,1,1,10.4625,False,False,True,False,False,False,False,False,False,False,False,False,False,False,False,True,False,False,False
252,253,0,1,62.0,0,0,26.55,True,False,True,False,False,False,False,False,False,False,False,False,False,False,True,False,False,False,False
253,254,0,3,30.0,1,0,16.1,True,False,True,False,False,False,False,False,False,False,False,False,False,False,True,False,False,False,False
254,255,0,3,41.0,0,2,20.2125,False,False,True,False,False,False,False,False,False,False,False,False,False,False,False,True,False,False,False
255,256,1,3,29.0,0,2,15.2458,False,False,False,False,False,False,False,False,False,False,False,False,False,False,False,True,False,False,False
257,258,1,1,30.0,0,0,86.5,False,False,True,False,False,False,False,False,False,False,False,True,False,False,False,False,False,False,False
258,259,1,1,35.0,0,0,512.3292,False,False,False,False,False,False,False,False,False,False,False,True,False,False,False,False,False,False,False
259,260,1,2,50.0,0,1,26.0,False,False,True,False,False,False,False,False,False,False,False,False,False,False,False,True,False,False,False
261,262,1,3,3.0,4,2,31.3875,True,False,True,False,False,False,False,False,False,False,True,False,False,False,False,False,False,False,False
262,263,0,1,52.0,1,1,79.65,True,False,True,False,False,False,False,False,False,False,False,False,False,False,True,False,False,False,False
263,264,0,1,40.0,0,0,0.0,True,False,True,False,False,False,False,False,False,False,False,False,False,False,True,False,False,False,False
265,266,0,2,36.0,0,0,10.5,True,False,True,False,False,False,False,False,False,False,False,False,False,False,True,False,False,False,False
266,267,0,3,16.0,4,1,39.6875,True,False,True,False,False,False,False,False,False,False,False,False,False,False,True,False,False,False,False
267,268,1,3,25.0,1,0,7.775,True,False,True,False,False,False,False,False,False,False,False,False,False,False,True,False,False,False,False
268,269,1,1,58.0,0,1,153.4625,False,False,True,False,False,False,False,False,False,False,False,False,False,False,False,True,False,False,False
269,270,1,1,35.0,0,0,135.6333,False,False,True,False,False,False,False,False,False,False,False,True,False,False,False,False,False,False,False
271,272,1,3,25.0,0,0,0.0,True,False,True,False,False,False,False,False,False,False,False,False,False,False,True,False,False,False,False
272,273,1,2,41.0,0,1,19.5,False,False,True,False,False,False,False,False,False,False,False,False,False,False,False,True,False,False,False
273,274,0,1,37.0,0,1,29.7,True,False,False,False,False,False,False,False,False,False,False,False,False,False,True,False,False,False,False
275,276,1,1,63.0,1,0,77.9583,False,False,True,False,False,False,False,False,False,False,False,True,False,False,False,False,False,False,False
276,277,0,3,45.0,0,0,7.75,False,False,True,False,False,False,False,False,False,False,False,True,False,False,False,False,False,False,False
278,279,0,3,7.0,4,1,29.125,True,True,False,False,False,False,False,False,False,False,True,False,False,False,False,False,False,False,False
279,280,1,3,35.0,1,1,20.25,False,False,True,False,False,False,False,False,False,False,False,False,False,False,False,True,False,False,False
280,281,0,3,65.0,0,0,7.75,True,True,False,False,False,False,False,False,False,False,False,False,False,False,True,False,False,False,False
281,282,0,3,28.0,0,0,7.8542,True,False,True,False,False,False,False,False,False,False,False,False,False,False,True,False,False,False,False
282,283,0,3,16.0,0,0,9.5,True,False,True,False,False,False,False,False,False,False,False,False,False,False,True,False,False,False,False
283,284,1,3,19.0,0,0,8.05,True,False,True,False,False,False,False,False,False,False,False,False,False,False,True,False,False,False,False
285,286,0,3,33.0,0,0,8.6625,True,False,False,False,False,False,False,False,False,False,False,False,False,False,True,False,False,False,False
286,287,1,3,30.0,0,0,9.5,True,False,True,False,False,False,False,False,False,False,False,False,False,False,True,False,False,False,False
287,288,0,3,22.0,0,0,7.8958,True,False,True,False,False,False,False,False,False,False,False,False,False,False,True,False,False,False,False
288,289,1,2,42.0,0,0,13.0,True,False,True,False,False,False,False,False,False,False,False,False,False,False,True,False,False,False,False
289,290,1,3,22.0,0,0,7.75,False,True,False,False,False,False,False,False,False,False,False,True,False,False,False,False,False,False,False
290,291,1,1,26.0,0,0,78.85,False,False,True,False,False,False,False,False,False,False,False,True,False,False,False,False,False,False,False
291,292,1,1,19.0,1,0,91.0792,False,False,False,False,False,False,False,False,False,False,False,False,False,False,False,True,False,False,False
292,293,0,2,36.0,0,0,12.875,True,False,False,False,False,False,False,False,False,False,False,False,False,False,True,False,False,False,False
293,294,0,3,24.0,0,0,8.85,False,False,True,False,False,False,False,False,False,False,False,True,False,False,False,False,False,False,False
294,295,0,3,24.0,0,0,7.8958,True,False,True,False,False,False,False,False,False,False,False,False,False,False,True,False,False,False,False
296,297,0,3,23.5,0,0,7.2292,True,False,False,False,False,False,False,False,False,False,False,False,False,False,True,False,False,False,False
297,298,0,1,2.0,1,2,151.55,False,False,True,False,False,False,False,False,False,False,False,True,False,False,False,False,False,False,False
299,300,1,1,50.0,0,1,247.5208,False,False,False,False,False,False,False,False,False,False,False,False,False,False,False,True,False,False,False
302,303,0,3,19.0,0,0,0.0,True,False,True,False,False,False,False,False,False,False,False,False,False,False,True,False,False,False,False
305,306,1,1,0.92,1,2,151.55,True,False,True,False,False,False,False,False,False,False,True,False,False,False,False,False,False,False,False
307,308,1,1,17.0,1,0,108.9,False,False,False,False,False,False,False,False,False,False,False,False,False,False,False,True,False,False,False
308,309,0,2,30.0,1,0,24.0,True,False,False,False,False,False,False,False,False,False,False,False,False,False,True,False,False,False,False
309,310,1,1,30.0,0,0,56.9292,False,False,False,False,False,False,False,False,False,False,False,True,False,False,False,False,False,False,False
310,311,1,1,24.0,0,0,83.1583,False,False,False,False,False,False,False,False,False,False,False,True,False,False,False,False,False,False,False
311,312,1,1,18.0,2,2,262.375,False,False,False,False,False,False,False,False,False,False,False,True,False,False,False,False,False,False,False
312,313,0,2,26.0,1,1,26.0,False,False,True,False,False,False,False,False,False,False,False,False,False,False,False,True,False,False,False
313,314,0,3,28.0,0,0,7.8958,True,False,True,False,False,False,False,False,False,False,False,False,False,False,True,False,False,False,False
314,315,0,2,43.0,1,1,26.25,True,False,True,False,False,False,False,False,False,False,False,False,False,False,True,False,False,False,False
315,316,1,3,26.0,0,0,7.8542,False,False,True,False,False,False,False,False,False,False,False,True,False,False,False,False,False,False,False
316,317,1,2,24.0,1,0,26.0,False,False,True,False,False,False,False,False,False,False,False,False,False,False,False,True,False,False,False
317,318,0,2,54.0,0,0,14.0,True,False,True,False,False,False,True,False,False,False,False,False,False,False,False,False,False,False,False
318,319,1,1,31.0,0,2,164.8667,False,False,True,False,False,False,False,False,False,False,False,True,False,False,False,False,False,False,False
319,320,1,1,40.0,1,1,134.5,False,False,False,False,False,False,False,False,False,False,False,False,False,False,False,True,False,False,False
320,321,0,3,22.0,0,0,7.25,True,False,True,False,False,False,False,False,False,False,False,False,False,False,True,False,False,False,False
321,322,0,3,27.0,0,0,7.8958,True,False,True,False,False,False,False,False,False,False,False,False,False,False,True,False,False,False,False
322,323,1,2,30.0,0,0,12.35,False,True,False,False,False,False,False,False,False,False,False,True,False,False,False,False,False,False,False
323,324,1,2,22.0,1,1,29.0,False,False,True,False,False,False,False,False,False,False,False,False,False,False,False,True,False,False,False
325,326,1,1,36.0,0,0,135.6333,False,False,False,False,False,False,False,False,False,False,False,True,False,False,False,False,False,False,False
326,327,0,3,61.0,0,0,6.2375,True,False,True,False,False,False,False,False,False,False,False,False,False,False,True,False,False,False,False
327,328,1,2,36.0,0,0,13.0,False,False,True,False,False,False,False,False,False,False,False,False,False,False,False,True,False,False,False
328,329,1,3,31.0,1,1,20.525,False,False,True,False,False,False,False,False,False,False,False,False,False,False,False,True,False,False,False
329,330,1,1,16.0,0,1,57.9792,False,False,False,False,False,False,False,False,False,False,False,True,False,False,False,False,False,False,False
331,332,0,1,45.5,0,0,28.5,True,False,True,False,False,False,False,False,False,False,False,False,False,False,True,False,False,False,False
332,333,0,1,38.0,0,1,153.4625,True,False,True,False,False,False,False,False,False,False,False,False,False,False,True,False,False,False,False
333,334,0,3,16.0,2,0,18.0,True,False,True,False,False,False,False,False,False,False,False,False,False,False,True,False,False,False,False
336,337,0,1,29.0,1,0,66.6,True,False,True,False,False,False,False,False,False,False,False,False,False,False,True,False,False,False,False
337,338,1,1,41.0,0,0,134.5,False,False,False,False,False,False,False,False,False,False,False,True,False,False,False,False,False,False,False
338,339,1,3,45.0,0,0,8.05,True,False,True,False,False,False,False,False,False,False,False,False,False,False,True,False,False,False,False
339,340,0,1,45.0,0,0,35.5,True,False,True,False,False,False,False,False,False,False,False,False,False,False,True,False,False,False,False
340,341,1,2,2.0,1,1,26.0,True,False,True,False,False,False,False,False,False,False,True,False,False,False,False,False,False,False,False
341,342,1,1,24.0,3,2,263.0,False,False,True,False,False,False,False,False,False,False,False,True,False,False,False,False,False,False,False
342,343,0,2,28.0,0,0,13.0,True,False,True,False,False,False,False,False,False,False,False,False,False,False,True,False,False,False,False
343,344,0,2,25.0,0,0,13.0,True,False,True,False,False,False,False,False,False,False,False,False,False,False,True,False,False,False,False
344,345,0,2,36.0,0,0,13.0,True,False,True,False,False,False,False,False,False,False,False,False,False,False,True,False,False,False,False
345,346,1,2,24.0,0,0,13.0,False,False,True,False,False,False,False,False,False,False,False,True,False,False,False,False,False,False,False
346,347,1,2,40.0,0,0,13.0,False,False,True,False,False,False,False,False,False,False,False,True,False,False,False,False,False,False,False
348,349,1,3,3.0,1,1,15.9,True,False,True,False,False,False,False,False,False,False,True,False,False,False,False,False,False,False,False
349,350,0,3,42.0,0,0,8.6625,True,False,True,False,False,False,False,False,False,False,False,False,False,False,True,False,False,False,False
350,351,0,3,23.0,0,0,9.225,True,False,True,False,False,False,False,False,False,False,False,False,False,False,True,False,False,False,False
352,353,0,3,15.0,1,1,7.2292,True,False,False,False,False,False,False,False,False,False,False,False,False,False,True,False,False,False,False
353,354,0,3,25.0,1,0,17.8,True,False,True,False,False,False,False,False,False,False,False,False,False,False,True,False,False,False,False
355,356,0,3,28.0,0,0,9.5,True,False,True,False,False,False,False,False,False,False,False,False,False,False,True,False,False,False,False
356,357,1,1,22.0,0,1,55.0,False,False,True,False,False,False,False,False,False,False,False,True,False,False,False,False,False,False,False
357,358,0,2,38.0,0,0,13.0,False,False,True,False,False,False,False,False,False,False,False,True,False,False,False,False,False,False,False
360,361,0,3,40.0,1,4,27.9,True,False,True,False,False,False,False,False,False,False,False,False,False,False,True,False,False,False,False
361,362,0,2,29.0,1,0,27.7208,True,False,False,False,False,False,False,False,False,False,False,False,False,False,True,False,False,False,False
362,363,0,3,45.0,0,1,14.4542,False,False,False,False,False,False,False,False,False,False,False,False,False,False,False,True,False,False,False
363,364,0,3,35.0,0,0,7.05,True,False,True,False,False,False,False,False,False,False,False,False,False,False,True,False,False,False,False
365,366,0,3,30.0,0,0,7.25,True,False,True,False,False,False,False,False,False,False,False,False,False,False,True,False,False,False,False
366,367,1,1,60.0,1,0,75.25,False,False,False,False,False,False,False,False,False,False,False,False,False,False,False,True,False,False,False
369,370,1,1,24.0,0,0,69.3,False,False,False,False,False,False,False,False,False,False,False,False,False,True,False,False,False,False,False
370,371,1,1,25.0,1,0,55.4417,True,False,False,False,False,False,False,False,False,False,False,False,False,False,True,False,False,False,False
371,372,0,3,18.0,1,0,6.4958,True,False,True,False,False,False,False,False,False,False,False,False,False,False,True,False,False,False,False
372,373,0,3,19.0,0,0,8.05,True,False,True,False,False,False,False,False,False,False,False,False,False,False,True,False,False,False,False
373,374,0,1,22.0,0,0,135.6333,True,False,False,False,False,False,False,False,False,False,False,False,False,False,True,False,False,False,False
374,375,0,3,3.0,3,1,21.075,False,False,True,False,False,False,False,False,False,False,False,True,False,False,False,False,False,False,False
376,377,1,3,22.0,0,0,7.25,False,False,True,False,False,False,False,False,False,False,False,True,False,False,False,False,False,False,False
377,378,0,1,27.0,0,2,211.5,True,False,False,False,False,False,False,False,False,False,False,False,False,False,True,False,False,False,False
378,379,0,3,20.0,0,0,4.0125,True,False,False,False,False,False,False,False,False,False,False,False,False,False,True,False,False,False,False
379,380,0,3,19.0,0,0,7.775,True,False,True,False,False,False,False,False,False,False,False,False,False,False,True,False,False,False,False
380,381,1,1,42.0,0,0,227.525,False,False,False,False,False,False,False,False,False,False,False,True,False,False,False,False,False,False,False
381,382,1,3,1.0,0,2,15.7417,False,False,False,False,False,False,False,False,False,False,False,True,False,False,False,False,False,False,False
382,383,0,3,32.0,0,0,7.925,True,False,True,False,False,False,False,False,False,False,False,False,False,False,True,False,False,False,False
383,384,1,1,35.0,1,0,52.0,False,False,True,False,False,False,False,False,False,False,False,False,False,False,False,True,False,False,False
385,386,0,2,18.0,0,0,73.5,True,False,True,False,False,False,False,False,False,False,False,False,False,False,True,False,False,False,False
386,387,0,3,1.0,5,2,46.9,True,False,True,False,False,False,False,False,False,False,True,False,False,False,False,False,False,False,False
387,388,1,2,36.0,0,0,13.0,False,False,True,False,False,False,False,False,False,False,False,True,False,False,False,False,False,False,False
389,390,1,2,17.0,0,0,12.0,False,False,False,False,False,False,False,False,False,False,False,True,False,False,False,False,False,False,False
390,391,1,1,36.0,1,2,120.0,True,False,True,False,False,False,False,False,False,False,False,False,False,False,True,False,False,False,False
391,392,1,3,21.0,0,0,7.7958,True,False,True,False,False,False,False,False,False,False,False,False,False,False,True,False,False,False,False
392,393,0,3,28.0,2,0,7.925,True,False,True,False,False,False,False,False,False,False,False,False,False,False,True,False,False,False,False
393,394,1,1,23.0,1,0,113.275,False,False,False,False,False,False,False,False,False,False,False,True,False,False,False,False,False,False,False
394,395,1,3,24.0,0,2,16.7,False,False,True,False,False,False,False,False,False,False,False,False,False,False,False,True,False,False,False
395,396,0,3,22.0,0,0,7.7958,True,False,True,False,False,False,False,False,False,False,False,False,False,False,True,False,False,False,False
396,397,0,3,31.0,0,0,7.8542,False,False,True,False,False,False,False,False,False,False,False,True,False,False,False,False,False,False,False
397,398,0,2,46.0,0,0,26.0,True,False,True,False,False,False,False,False,False,False,False,False,False,False,True,False,False,False,False
398,399,0,2,23.0,0,0,10.5,True,False,True,False,False,False,True,False,False,False,False,False,False,False,False,False,False,False,False
399,400,1,2,28.0,0,0,12.65,False,False,True,False,False,False,False,False,False,False,False,False,False,False,False,True,False,False,False
400,401,1,3,39.0,0,0,7.925,True,False,True,False,False,False,False,False,False,False,False,False,False,False,True,False,False,False,False
401,402,0,3,26.0,0,0,8.05,True,False,True,False,False,False,False,False,False,False,False,False,False,False,True,False,False,False,False
402,403,0,3,21.0,1,0,9.825,False,False,True,False,False,False,False,False,False,False,False,True,False,False,False,False,False,False,False
403,404,0,3,28.0,1,0,15.85,True,False,True,False,False,False,False,False,False,False,False,False,False,False,True,False,False,False,False
404,405,0,3,20.0,0,0,8.6625,False,False,True,False,False,False,False,False,False,False,False,True,False,False,False,False,False,False,False
405,406,0,2,34.0,1,0,21.0,True,False,True,False,False,False,False,False,False,False,False,False,False,False,True,False,False,False,False
406,407,0,3,51.0,0,0,7.75,True,False,True,False,False,False,False,False,False,False,False,False,False,False,True,False,False,False,False
407,408,1,2,3.0,1,1,18.75,True,False,True,False,False,False,False,False,False,False,True,False,False,False,False,False,False,False,False
408,409,0,3,21.0,0,0,7.775,True,False,True,False,False,False,False,False,False,False,False,False,False,False,True,False,False,False,False
412,413,1,1,33.0,1,0,90.0,False,True,False,False,False,False,False,False,False,False,False,True,False,False,False,False,False,False,False
414,415,1,3,44.0,0,0,7.925,True,False,True,False,False,False,False,False,False,False,False,False,False,False,True,False,False,False,False
416,417,1,2,34.0,1,1,32.5,False,False,True,False,False,False,False,False,False,False,False,False,False,False,False,True,False,False,False
417,418,1,2,18.0,0,2,13.0,False,False,True,False,False,False,False,False,False,False,False,True,False,False,False,False,False,False,False
418,419,0,2,30.0,0,0,13.0,True,False,True,False,False,False,False,False,False,False,False,False,False,False,True,False,False,False,False
419,420,0,3,10.0,0,2,24.15,False,False,True,False,False,False,False,False,False,False,False,True,False,False,False,False,False,False,False
421,422,0,3,21.0,0,0,7.7333,True,True,False,False,False,False,False,False,False,False,False,False,False,False,True,False,False,False,False
422,423,0,3,29.0,0,0,7.875,True,False,True,False,False,False,False,False,False,False,False,False,False,False,True,False,False,False,False
423,424,0,3,28.0,1,1,14.4,False,False,True,False,False,False,False,False,False,False,False,False,False,False,False,True,False,False,False
424,425,0,3,18.0,1,1,20.2125,True,False,True,False,False,False,False,False,False,False,False,False,False,False,True,False,False,False,False
426,427,1,2,28.0,1,0,26.0,False,False,True,False,False,False,False,False,False,False,False,False,False,False,False,True,False,False,False
427,428,1,2,19.0,0,0,26.0,False,False,True,False,False,False,False,False,False,False,False,True,False,False,False,False,False,False,False
429,430,1,3,32.0,0,0,8.05,True,False,True,False,False,False,False,False,False,False,False,False,False,False,True,False,False,False,False
430,431,1,1,28.0,0,0,26.55,True,False,True,False,False,False,False,False,False,False,False,False,False,False,True,False,False,False,False
432,433,1,2,42.0,1,0,26.0,False,False,True,False,False,False,False,False,False,False,False,False,False,False,False,True,False,False,False
433,434,0,3,17.0,0,0,7.125,True,False,True,False,False,False,False,False,False,False,False,False,False,False,True,False,False,False,False
434,435,0,1,50.0,1,0,55.9,True,False,True,False,False,False,False,False,False,False,False,False,False,False,True,False,False,False,False
435,436,1,1,14.0,1,2,120.0,False,False,True,False,False,False,False,False,False,False,False,True,False,False,False,False,False,False,False
436,437,0,3,21.0,2,2,34.375,False,False,True,False,False,False,False,False,False,False,False,True,False,False,False,False,False,False,False
437,438,1,2,24.0,2,3,18.75,False,False,True,False,False,False,False,False,False,False,False,False,False,False,False,True,False,False,False
438,439,0,1,64.0,1,4,263.0,True,False,True,False,False,False,False,False,False,False,False,False,False,False,True,False,False,False,False
439,440,0,2,31.0,0,0,10.5,True,False,True,False,False,False,False,False,False,False,False,False,False,False,True,False,False,False,False
440,441,1,2,45.0,1,1,26.25,False,False,True,False,False,False,False,False,False,False,False,False,False,False,False,True,False,False,False
441,442,0,3,20.0,0,0,9.5,True,False,True,False,False,False,False,False,False,False,False,False,False,False,True,False,False,False,False
442,443,0,3,25.0,1,0,7.775,True,False,True,False,False,False,False,False,False,False,False,False,False,False,True,False,False,False,False
443,444,1,2,28.0,0,0,13.0,False,False,True,False,False,False,False,False,False,False,False,False,False,False,False,False,True,False,False
445,446,1,1,4.0,0,2,81.8583,True,False,True,False,False,False,False,False,False,False,True,False,False,False,False,False,False,False,False
446,447,1,2,13.0,0,1,19.5,False,False,True,False,False,False,False,False,False,False,False,True,False,False,False,False,False,False,False
447,448,1,1,34.0,0,0,26.55,True,False,True,False,False,False,False,False,False,False,False,False,False,False,True,False,False,False,False
448,449,1,3,5.0,2,1,19.2583,False,False,False,False,False,False,False,False,False,False,False,True,False,False,False,False,False,False,False
449,450,1,1,52.0,0,0,30.5,True,False,True,False,False,False,False,False,False,True,False,False,False,False,False,False,False,False,False
450,451,0,2,36.0,1,2,27.75,True,False,True,False,False,False,False,False,False,False,False,False,False,False,True,False,False,False,False
452,453,0,1,30.0,0,0,27.75,True,False,False,False,False,False,False,False,False,False,False,False,False,False,True,False,False,False,False
453,454,1,1,49.0,1,0,89.1042,True,False,False,False,False,False,False,False,False,False,False,False,False,False,True,False,False,False,False
455,456,1,3,29.0,0,0,7.8958,True,False,False,False,False,False,False,False,False,False,False,False,False,False,True,False,False,False,False
456,457,0,1,65.0,0,0,26.55,True,False,True,False,False,False,False,False,False,False,False,False,False,False,True,False,False,False,False
458,459,1,2,50.0,0,0,10.5,False,False,True,False,False,False,False,False,False,False,False,True,False,False,False,False,False,False,False
460,461,1,1,48.0,0,0,26.55,True,False,True,False,False,False,False,False,False,False,False,False,False,False,True,False,False,False,False
461,462,0,3,34.0,0,0,8.05,True,False,True,False,False,False,False,False,False,False,False,False,False,False,True,False,False,False,False
462,463,0,1,47.0,0,0,38.5,True,False,True,False,False,False,False,False,False,False,False,False,False,False,True,False,False,False,False
463,464,0,2,48.0,0,0,13.0,True,False,True,False,False,False,False,False,False,False,False,False,False,False,True,False,False,False,False
465,466,0,3,38.0,0,0,7.05,True,False,True,False,False,False,False,False,False,False,False,False,False,False,True,False,False,False,False
467,468,0,1,56.0,0,0,26.55,True,False,True,False,False,False,False,False,False,False,False,False,False,False,True,False,False,False,False
469,470,1,3,0.75,2,1,19.2583,False,False,False,False,False,False,False,False,False,False,False,True,False,False,False,False,False,False,False
471,472,0,3,38.0,0,0,8.6625,True,False,True,False,False,False,False,False,False,False,False,False,False,False,True,False,False,False,False
472,473,1,2,33.0,1,2,27.75,False,False,True,False,False,False,False,False,False,False,False,False,False,False,False,True,False,False,False
473,474,1,2,23.0,0,0,13.7917,False,False,False,False,False,False,False,False,False,False,False,False,False,False,False,True,False,False,False
474,475,0,3,22.0,0,0,9.8375,False,False,True,False,False,False,False,False,False,False,False,True,False,False,False,False,False,False,False
476,477,0,2,34.0,1,0,21.0,True,False,True,False,False,False,False,False,False,False,False,False,False,False,True,False,False,False,False
477,478,0,3,29.0,1,0,7.0458,True,False,True,False,False,False,False,False,False,False,False,False,False,False,True,False,False,False,False
478,479,0,3,22.0,0,0,7.5208,True,False,True,False,False,False,False,False,False,False,False,False,False,False,True,False,False,False,False
479,480,1,3,2.0,0,1,12.2875,False,False,True,False,False,False,False,False,False,False,False,True,False,False,False,False,False,False,False
480,481,0,3,9.0,5,2,46.9,True,False,True,False,False,False,False,False,False,False,True,False,False,False,False,False,False,False,False
482,483,0,3,50.0,0,0,8.05,True,False,True,False,False,False,False,False,False,False,False,False,False,False,True,False,False,False,False
483,484,1,3,63.0,0,0,9.5875,False,False,True,False,False,False,False,False,False,False,False,False,False,False,False,True,False,False,False
484,485,1,1,25.0,1,0,91.0792,True,False,False,False,False,False,False,False,False,False,False,False,False,False,True,False,False,False,False
486,487,1,1,35.0,1,0,90.0,False,False,True,False,False,False,False,False,False,False,False,False,False,False,False,True,False,False,False
487,488,0,1,58.0,0,0,29.7,True,False,False,False,False,False,False,False,False,False,False,False,False,False,True,False,False,False,False
488,489,0,3,30.0,0,0,8.05,True,False,True,False,False,False,False,False,False,False,False,False,False,False,True,False,False,False,False
489,490,1,3,9.0,1,1,15.9,True,False,True,False,False,False,False,False,False,False,True,False,False,False,False,False,False,False,False
491,492,0,3,21.0,0,0,7.25,True,False,True,False,False,False,False,False,False,False,False,False,False,False,True,False,False,False,False
492,493,0,1,55.0,0,0,30.5,True,False,True,False,False,False,False,False,False,False,False,False,False,False,True,False,False,False,False
493,494,0,1,71.0,0,0,49.5042,True,False,False,False,False,False,False,False,False,False,False,False,False,False,True,False,False,False,False
494,495,0,3,21.0,0,0,8.05,True,False,True,False,False,False,False,False,False,False,False,False,False,False,True,False,False,False,False
496,497,1,1,54.0,1,0,78.2667,False,False,False,False,False,False,False,False,False,False,False,True,False,False,False,False,False,False,False
498,499,0,1,25.0,1,2,151.55,False,False,True,False,False,False,False,False,False,False,False,False,False,False,False,True,False,False,False
499,500,0,3,24.0,0,0,7.7958,True,False,True,False,False,False,False,False,False,False,False,False,False,False,True,False,False,False,False
500,501,0,3,17.0,0,0,8.6625,True,False,True,False,False,False,False,False,False,False,False,False,False,False,True,False,False,False,False
501,502,0,3,21.0,0,0,7.75,False,True,False,False,False,False,False,False,False,False,False,True,False,False,False,False,False,False,False
503,504,0,3,37.0,0,0,9.5875,False,False,True,False,False,False,False,False,False,False,False,True,False,False,False,False,False,False,False
504,505,1,1,16.0,0,0,86.5,False,False,True,False,False,False,False,False,False,False,False,True,False,False,False,False,False,False,False
505,506,0,1,18.0,1,0,108.9,True,False,False,False,False,False,False,False,False,False,False,False,False,False,True,False,False,False,False
506,507,1,2,33.0,0,2,26.0,False,False,True,False,False,False,False,False,False,False,False,False,False,False,False,True,False,False,False
508,509,0,3,28.0,0,0,22.525,True,False,True,False,False,False,False,False,False,False,False,False,False,False,True,False,False,False,False
509,510,1,3,26.0,0,0,56.4958,True,False,True,False,False,False,False,False,False,False,False,False,False,False,True,False,False,False,False
510,511,1,3,29.0,0,0,7.75,True,True,False,False,False,False,False,False,False,False,False,False,False,False,True,False,False,False,False
512,513,1,1,36.0,0,0,26.2875,True,False,True,False,False,False,False,False,False,False,False,False,False,False,True,False,False,False,False
513,514,1,1,54.0,1,0,59.4,False,False,False,False,False,False,False,False,False,False,False,False,False,False,False,True,False,False,False
514,515,0,3,24.0,0,0,7.4958,True,False,True,False,False,False,False,False,False,False,False,False,False,False,True,False,False,False,False
515,516,0,1,47.0,0,0,34.0208,True,False,True,False,False,False,False,False,False,False,False,False,False,False,True,False,False,False,False
516,517,1,2,34.0,0,0,10.5,False,False,True,False,False,False,False,False,False,False,False,False,False,False,False,True,False,False,False
518,519,1,2,36.0,1,0,26.0,False,False,True,False,False,False,False,False,False,False,False,False,False,False,False,True,False,False,False
519,520,0,3,32.0,0,0,7.8958,True,False,True,False,False,False,False,False,False,False,False,False,False,False,True,False,False,False,False
520,521,1,1,30.0,0,0,93.5,False,False,True,False,False,False,False,False,False,False,False,True,False,False,False,False,False,False,False
521,522,0,3,22.0,0,0,7.8958,True,False,True,False,False,False,False,False,False,False,False,False,False,False,True,False,False,False,False
523,524,1,1,44.0,0,1,57.9792,False,False,False,False,False,False,False,False,False,False,False,False,False,False,False,True,False,False,False
525,526,0,3,40.5,0,0,7.75,True,True,False,False,False,False,False,False,False,False,False,False,False,False,True,False,False,False,False
526,527,1,2,50.0,0,0,10.5,False,False,True,False,False,False,False,False,False,False,False,True,False,False,False,False,False,False,False
528,529,0,3,39.0,0,0,7.925,True,False,True,False,False,False,False,False,False,False,False,False,False,False,True,False,False,False,False
529,530,0,2,23.0,2,1,11.5,True,False,True,False,False,False,False,False,False,False,False,False,False,False,True,False,False,False,False
530,531,1,2,2.0,1,1,26.0,False,False,True,False,False,False,False,False,False,False,False,True,False,False,False,False,False,False,False
532,533,0,3,17.0,1,1,7.2292,True,False,False,False,False,False,False,False,False,False,False,False,False,False,True,False,False,False,False
534,535,0,3,30.0,0,0,8.6625,False,False,True,False,False,False,False,False,False,False,False,True,False,False,False,False,False,False,False
535,536,1,2,7.0,0,2,26.25,False,False,True,False,False,False,False,False,False,False,False,True,False,False,False,False,False,False,False
536,537,0,1,45.0,0,0,26.55,True,False,True,False,False,False,False,False,False,True,False,False,False,False,False,False,False,False,False
537,538,1,1,30.0,0,0,106.425,False,False,False,False,False,False,False,False,False,False,False,True,False,False,False,False,False,False,False
539,540,1,1,22.0,0,2,49.5,False,False,False,False,False,False,False,False,False,False,False,True,False,False,False,False,False,False,False
540,541,1,1,36.0,0,2,71.0,False,False,True,False,False,False,False,False,False,False,False,True,False,False,False,False,False,False,False
541,542,0,3,9.0,4,2,31.275,False,False,True,False,False,False,False,False,False,False,False,True,False,False,False,False,False,False,False
542,543,0,3,11.0,4,2,31.275,False,False,True,False,False,False,False,False,False,False,False,True,False,False,False,False,False,False,False
543,544,1,2,32.0,1,0,26.0,True,False,True,False,False,False,False,False,False,False,False,False,False,False,True,False,False,False,False
544,545,0,1,50.0,1,0,106.425,True,False,False,False,False,False,False,False,False,False,False,False,False,False,True,False,False,False,False
545,546,0,1,64.0,0,0,26.0,True,False,True,False,False,False,False,False,False,False,False,False,False,False,True,False,False,False,False
546,547,1,2,19.0,1,0,26.0,False,False,True,False,False,False,False,False,False,False,False,False,False,False,False,True,False,False,False
548,549,0,3,33.0,1,1,20.525,True,False,True,False,False,False,False,False,False,False,False,False,False,False,True,False,False,False,False
549,550,1,2,8.0,1,1,36.75,True,False,True,False,False,False,False,False,False,False,True,False,False,False,False,False,False,False,False
550,551,1,1,17.0,0,2,110.8833,True,False,False,False,False,False,False,False,False,False,False,False,False,False,True,False,False,False,False
551,552,0,2,27.0,0,0,26.0,True,False,True,False,False,False,False,False,False,False,False,False,False,False,True,False,False,False,False
553,554,1,3,22.0,0,0,7.225,True,False,False,False,False,False,False,False,False,False,False,False,False,False,True,False,False,False,False
554,555,1,3,22.0,0,0,7.775,False,False,True,False,False,False,False,False,False,False,False,True,False,False,False,False,False,False,False
555,556,0,1,62.0,0,0,26.55,True,False,True,False,False,False,False,False,False,False,False,False,False,False,True,False,False,False,False
556,557,1,1,48.0,1,0,39.6,False,False,False,False,False,False,False,False,True,False,False,False,False,False,False,False,False,False,False
558,559,1,1,39.0,1,1,79.65,False,False,True,False,False,False,False,False,False,False,False,False,False,False,False,True,False,False,False
559,560,1,3,36.0,1,0,17.4,False,False,True,False,False,False,False,False,False,False,False,False,False,False,False,True,False,False,False
561,562,0,3,40.0,0,0,7.8958,True,False,True,False,False,False,False,False,False,False,False,False,False,False,True,False,False,False,False
562,563,0,2,28.0,0,0,13.5,True,False,True,False,False,False,False,False,False,False,False,False,False,False,True,False,False,False,False
565,566,0,3,24.0,2,0,24.15,True,False,True,False,False,False,False,False,False,False,False,False,False,False,True,False,False,False,False
566,567,0,3,19.0,0,0,7.8958,True,False,True,False,False,False,False,False,False,False,False,False,False,False,True,False,False,False,False
567,568,0,3,29.0,0,4,21.075,False,False,True,False,False,False,False,False,False,False,False,False,False,False,False,True,False,False,False
569,570,1,3,32.0,0,0,7.8542,True,False,True,False,False,False,False,False,False,False,False,False,False,False,True,False,False,False,False
570,571,1,2,62.0,0,0,10.5,True,False,True,False,False,False,False,False,False,False,False,False,False,False,True,False,False,False,False
571,572,1,1,53.0,2,0,51.4792,False,False,True,False,False,False,False,False,False,False,False,False,False,False,False,True,False,False,False
572,573,1,1,36.0,0,0,26.3875,True,False,True,False,False,False,False,False,False,False,False,False,False,False,True,False,False,False,False
574,575,0,3,16.0,0,0,8.05,True,False,True,False,False,False,False,False,False,False,False,False,False,False,True,False,False,False,False
575,576,0,3,19.0,0,0,14.5,True,False,True,False,False,False,False,False,False,False,False,False,False,False,True,False,False,False,False
576,577,1,2,34.0,0,0,13.0,False,False,True,False,False,False,False,False,False,False,False,True,False,False,False,False,False,False,False
577,578,1,1,39.0,1,0,55.9,False,False,True,False,False,False,False,False,False,False,False,False,False,False,False,True,False,False,False
579,580,1,3,32.0,0,0,7.925,True,False,True,False,False,False,False,False,False,False,False,False,False,False,True,False,False,False,False
580,581,1,2,25.0,1,1,30.0,False,False,True,False,False,False,False,False,False,False,False,True,False,False,False,False,False,False,False
581,582,1,1,39.0,1,1,110.8833,False,False,False,False,False,False,False,False,False,False,False,False,False,False,False,True,False,False,False
582,583,0,2,54.0,0,0,26.0,True,False,True,False,False,False,False,False,False,False,False,False,False,False,True,False,False,False,False
583,584,0,1,36.0,0,0,40.125,True,False,False,False,False,False,False,False,False,False,False,False,False,False,True,False,False,False,False
585,586,1,1,18.0,0,2,79.65,False,False,True,False,False,False,False,False,False,False,False,True,False,False,False,False,False,False,False
586,587,0,2,47.0,0,0,15.0,True,False,True,False,False,False,False,False,False,False,False,False,False,False,True,False,False,False,False
587,588,1,1,60.0,1,1,79.2,True,False,False,False,False,False,False,False,False,False,False,False,False,False,True,False,False,False,False
588,589,0,3,22.0,0,0,8.05,True,False,True,False,False,False,False,False,False,False,False,False,False,False,True,False,False,False,False
590,591,0,3,35.0,0,0,7.125,True,False,True,False,False,False,False,False,False,False,False,False,False,False,True,False,False,False,False
591,592,1,1,52.0,1,0,78.2667,False,False,False,False,False,False,False,False,False,False,False,False,False,False,False,True,False,False,False
592,593,0,3,47.0,0,0,7.25,True,False,True,False,False,False,False,False,False,False,False,False,False,False,True,False,False,False,False
594,595,0,2,37.0,1,0,26.0,True,False,True,False,False,False,False,False,False,False,False,False,False,False,True,False,False,False,False
595,596,0,3,36.0,1,1,24.15,True,False,True,False,False,False,False,False,False,False,False,False,False,False,True,False,False,False,False
597,598,0,3,49.0,0,0,0.0,True,False,True,False,False,False,False,False,False,False,False,False,False,False,True,False,False,False,False
599,600,1,1,49.0,1,0,56.9292,True,False,False,False,False,False,False,False,False,False,False,False,False,False,False,False,False,False,True
600,601,1,2,24.0,2,1,27.0,False,False,True,False,False,False,False,False,False,False,False,False,False,False,False,True,False,False,False
603,604,0,3,44.0,0,0,8.05,True,False,True,False,False,False,False,False,False,False,False,False,False,False,True,False,False,False,False
604,605,1,1,35.0,0,0,26.55,True,False,False,False,False,False,False,False,False,False,False,False,False,False,True,False,False,False,False
605,606,0,3,36.0,1,0,15.55,True,False,True,False,False,False,False,False,False,False,False,False,False,False,True,False,False,False,False
606,607,0,3,30.0,0,0,7.8958,True,False,True,False,False,False,False,False,False,False,False,False,False,False,True,False,False,False,False
607,608,1,1,27.0,0,0,30.5,True,False,True,False,False,False,False,False,False,False,False,False,False,False,True,False,False,False,False
608,609,1,2,22.0,1,2,41.5792,False,False,False,False,False,False,False,False,False,False,False,False,False,False,False,True,False,False,False
609,610,1,1,40.0,0,0,153.4625,False,False,True,False,False,False,False,False,False,False,False,True,False,False,False,False,False,False,False
610,611,0,3,39.0,1,5,31.275,False,False,True,False,False,False,False,False,False,False,False,False,False,False,False,True,False,False,False
614,615,0,3,35.0,0,0,8.05,True,False,True,False,False,False,False,False,False,False,False,False,False,False,True,False,False,False,False
615,616,1,2,24.0,1,2,65.0,False,False,True,False,False,False,False,False,False,False,False,True,False,False,False,False,False,False,False
616,617,0,3,34.0,1,1,14.4,True,False,True,False,False,False,False,False,False,False,False,False,False,False,True,False,False,False,False
617,618,0,3,26.0,1,0,16.1,False,False,True,False,False,False,False,False,False,False,False,False,False,False,False,True,False,False,False
618,619,1,2,4.0,2,1,39.0,False,False,True,False,False,False,False,False,False,False,False,True,False,False,False,False,False,False,False
619,620,0,2,26.0,0,0,10.5,True,False,True,False,False,False,False,False,False,False,False,False,False,False,True,False,False,False,False
620,621,0,3,27.0,1,0,14.4542,True,False,False,False,False,False,False,False,False,False,False,False,False,False,True,False,False,False,False
621,622,1,1,42.0,1,0,52.5542,True,False,True,False,False,False,False,False,False,False,False,False,False,False,True,False,False,False,False
622,623,1,3,20.0,1,1,15.7417,True,False,False,False,False,False,False,False,False,False,False,False,False,False,True,False,False,False,False
623,624,0,3,21.0,0,0,7.8542,True,False,True,False,False,False,False,False,False,False,False,False,False,False,True,False,False,False,False
624,625,0,3,21.0,0,0,16.1,True,False,True,False,False,False,False,False,False,False,False,False,False,False,True,False,False,False,False
625,626,0,1,61.0,0,0,32.3208,True,False,True,False,False,False,False,False,False,False,False,False,False,False,True,False,False,False,False
626,627,0,2,57.0,0,0,12.35,True,True,False,False,False,False,False,False,False,False,False,False,False,False,False,False,False,True,False
627,628,1,1,21.0,0,0,77.9583,False,False,True,False,False,False,False,False,False,False,False,True,False,False,False,False,False,False,False
628,629,0,3,26.0,0,0,7.8958,True,False,True,False,False,False,False,False,False,False,False,False,False,False,True,False,False,False,False
630,631,1,1,80.0,0,0,30.0,True,False,True,False,False,False,False,False,False,False,False,False,False,False,True,False,False,False,False
631,632,0,3,51.0,0,0,7.0542,True,False,True,False,False,False,False,False,False,False,False,False,False,False,True,False,False,False,False
632,633,1,1,32.0,0,0,30.5,True,False,False,False,False,False,True,False,False,False,False,False,False,False,False,False,False,False,False
634,635,0,3,9.0,3,2,27.9,False,False,True,False,False,False,False,False,False,False,False,True,False,False,False,False,False,False,False
635,636,1,2,28.0,0,0,13.0,False,False,True,False,False,False,False,False,False,False,False,True,False,False,False,False,False,False,False
636,637,0,3,32.0,0,0,7.925,True,False,True,False,False,False,False,False,False,False,False,False,False,False,True,False,False,False,False
637,638,0,2,31.0,1,1,26.25,True,False,True,False,False,False,False,False,False,False,False,False,False,False,True,False,False,False,False
638,639,0,3,41.0,0,5,39.6875,False,False,True,False,False,False,False,False,False,False,False,False,False,False,False,True,False,False,False
640,641,0,3,20.0,0,0,7.8542,True,False,True,False,False,False,False,False,False,False,False,False,False,False,True,False,False,False,False
641,642,1,1,24.0,0,0,69.3,False,False,False,False,False,False,False,False,False,False,False,False,True,False,False,False,False,False,False
642,643,0,3,2.0,3,2,27.9,False,False,True,False,False,False,False,False,False,False,False,True,False,False,False,False,False,False,False
644,645,1,3,0.75,2,1,19.2583,False,False,False,False,False,False,False,False,False,False,False,True,False,False,False,False,False,False,False
645,646,1,1,48.0,1,0,76.7292,True,False,False,False,False,False,False,False,False,False,False,False,False,False,True,False,False,False,False
646,647,0,3,19.0,0,0,7.8958,True,False,True,False,False,False,False,False,False,False,False,False,False,False,True,False,False,False,False
647,648,1,1,56.0,0,0,35.5,True,False,False,True,False,False,False,False,False,False,False,False,False,False,False,False,False,False,False
649,650,1,3,23.0,0,0,7.55,False,False,True,False,False,False,False,False,False,False,False,True,False,False,False,False,False,False,False
651,652,1,2,18.0,0,1,23.0,False,False,True,False,False,False,False,False,False,False,False,True,False,False,False,False,False,False,False
652,653,0,3,21.0,0,0,8.4333,True,False,True,False,False,False,False,False,False,False,False,False,False,False,True,False,False,False,False
654,655,0,3,18.0,0,0,6.75,False,True,False,False,False,False,False,False,False,False,False,True,False,False,False,False,False,False,False
655,656,0,2,24.0,2,0,73.5,True,False,True,False,False,False,False,False,False,False,False,False,False,False,True,False,False,False,False
657,658,0,3,32.0,1,1,15.5,False,True,False,False,False,False,False,False,False,False,False,False,False,False,False,True,False,False,False
658,659,0,2,23.0,0,0,13.0,True,False,True,False,False,False,False,False,False,False,False,False,False,False,True,False,False,False,False
659,660,0,1,58.0,0,2,113.275,True,False,False,False,False,False,False,False,False,False,False,False,False,False,True,False,False,False,False
660,661,1,1,50.0,2,0,133.65,True,False,True,False,False,False,True,False,False,False,False,False,False,False,False,False,False,False,False
661,662,0,3,40.0,0,0,7.225,True,False,False,False,False,False,False,False,False,False,False,False,False,False,True,False,False,False,False
662,663,0,1,47.0,0,0,25.5875,True,False,True,False,False,False,False,False,False,False,False,False,False,False,True,False,False,False,False
663,664,0,3,36.0,0,0,7.4958,True,False,True,False,False,False,False,False,False,False,False,False,False,False,True,False,False,False,False
664,665,1,3,20.0,1,0,7.925,True,False,True,False,False,False,False,False,False,False,False,False,False,False,True,False,False,False,False
665,666,0,2,32.0,2,0,73.5,True,False,True,False,False,False,False,False,False,False,False,False,False,False,True,False,False,False,False
666,667,0,2,25.0,0,0,13.0,True,False,True,False,False,False,False,False,False,False,False,False,False,False,True,False,False,False,False
668,669,0,3,43.0,0,0,8.05,True,False,True,False,False,False,False,False,False,False,False,False,False,False,True,False,False,False,False
670,671,1,2,40.0,1,1,39.0,False,False,True,False,False,False,False,False,False,False,False,False,False,False,False,True,False,False,False
671,672,0,1,31.0,1,0,52.0,True,False,True,False,False,False,False,False,False,False,False,False,False,False,True,False,False,False,False
672,673,0,2,70.0,0,0,10.5,True,False,True,False,False,False,False,False,False,False,False,False,False,False,True,False,False,False,False
673,674,1,2,31.0,0,0,13.0,True,False,True,False,False,False,False,False,False,False,False,False,False,False,True,False,False,False,False
675,676,0,3,18.0,0,0,7.775,True,False,True,False,False,False,False,False,False,False,False,False,False,False,True,False,False,False,False
676,677,0,3,24.5,0,0,8.05,True,False,True,False,False,False,False,False,False,False,False,False,False,False,True,False,False,False,False
677,678,1,3,18.0,0,0,9.8417,False,False,True,False,False,False,False,False,False,False,False,True,False,False,False,False,False,False,False
678,679,0,3,43.0,1,6,46.9,False,False,True,False,False,False,False,False,False,False,False,False,False,False,False,True,False,False,False
679,680,1,1,36.0,0,1,512.3292,True,False,False,False,False,False,False,False,False,False,False,False,False,False,True,False,False,False,False
681,682,1,1,27.0,0,0,76.7292,True,False,False,False,False,False,False,False,False,False,False,False,False,False,True,False,False,False,False
682,683,0,3,20.0,0,0,9.225,True,False,True,False,False,False,False,False,False,False,False,False,False,False,True,False,False,False,False
683,684,0,3,14.0,5,2,46.9,True,False,True,False,False,False,False,False,False,False,False,False,False,False,True,False,False,False,False
684,685,0,2,60.0,1,1,39.0,True,False,True,False,False,False,False,False,False,False,False,False,False,False,True,False,False,False,False
685,686,0,2,25.0,1,2,41.5792,True,False,False,False,False,False,False,False,False,False,False,False,False,False,True,False,False,False,False
686,687,0,3,14.0,4,1,39.6875,True,False,True,False,False,False,False,False,False,False,False,False,False,False,True,False,False,False,False
687,688,0,3,19.0,0,0,10.1708,True,False,True,False,False,False,False,False,False,False,False,False,False,False,True,False,False,False,False
688,689,0,3,18.0,0,0,7.7958,True,False,True,False,False,False,False,False,False,False,False,False,False,False,True,False,False,False,False
689,690,1,1,15.0,0,1,211.3375,False,False,True,False,False,False,False,False,False,False,False,True,False,False,False,False,False,False,False
690,691,1,1,31.0,1,0,57.0,True,False,True,False,False,False,False,False,False,False,False,False,False,False,True,False,False,False,False
691,692,1,3,4.0,0,1,13.4167,False,False,False,False,False,False,False,False,False,False,False,True,False,False,False,False,False,False,False
693,694,0,3,25.0,0,0,7.225,True,False,False,False,False,False,False,False,False,False,False,False,False,False,True,False,False,False,False
694,695,0,1,60.0,0,0,26.55,True,False,True,True,False,False,False,False,False,False,False,False,False,False,False,False,False,False,False
695,696,0,2,52.0,0,0,13.5,True,False,True,False,False,False,False,False,False,False,False,False,False,False,True,False,False,False,False
696,697,0,3,44.0,0,0,8.05,True,False,True,False,False,False,False,False,False,False,False,False,False,False,True,False,False,False,False
698,699,0,1,49.0,1,1,110.8833,True,False,False,False,False,False,False,False,False,False,False,False,False,False,True,False,False,False,False
699,700,0,3,42.0,0,0,7.65,True,False,True,False,False,False,False,False,False,False,False,False,False,False,True,False,False,False,False
700,701,1,1,18.0,1,0,227.525,False,False,False,False,False,False,False,False,False,False,False,False,False,False,False,True,False,False,False
701,702,1,1,35.0,0,0,26.2875,True,False,True,False,False,False,False,False,False,False,False,False,False,False,True,False,False,False,False
702,703,0,3,18.0,0,1,14.4542,False,False,False,False,False,False,False,False,False,False,False,True,False,False,False,False,False,False,False
703,704,0,3,25.0,0,0,7.7417,True,True,False,False,False,False,False,False,False,False,False,False,False,False,True,False,False,False,False
704,705,0,3,26.0,1,0,7.8542,True,False,True,False,False,False,False,False,False,False,False,False,False,False,True,False,False,False,False
705,706,0,2,39.0,0,0,26.0,True,False,True,False,False,False,False,False,False,False,False,False,False,False,True,False,False,False,False
706,707,1,2,45.0,0,0,13.5,False,False,True,False,False,False,False,False,False,False,False,False,False,False,False,True,False,False,False
707,708,1,1,42.0,0,0,26.2875,True,False,True,False,False,False,False,False,False,False,False,False,False,False,True,False,False,False,False
708,709,1,1,22.0,0,0,151.55,False,False,True,False,False,False,False,False,False,False,False,True,False,False,False,False,False,False,False
710,711,1,1,24.0,0,0,49.5042,False,False,False,False,False,False,False,False,False,False,False,False,True,False,False,False,False,False,False
712,713,1,1,48.0,1,0,52.0,True,False,True,False,False,False,False,False,False,False,False,False,False,False,True,False,False,False,False
713,714,0,3,29.0,0,0,9.4833,True,False,True,False,False,False,False,False,False,False,False,False,False,False,True,False,False,False,False
714,715,0,2,52.0,0,0,13.0,True,False,True,False,False,False,False,False,False,False,False,False,False,False,True,False,False,False,False
715,716,0,3,19.0,0,0,7.65,True,False,True,False,False,False,False,False,False,False,False,False,False,False,True,False,False,False,False
716,717,1,1,38.0,0,0,227.525,False,False,False,False,False,False,False,False,False,False,False,True,False,False,False,False,False,False,False
717,718,1,2,27.0,0,0,10.5,False,False,True,False,False,False,False,False,False,False,False,True,False,False,False,False,False,False,False
719,720,0,3,33.0,0,0,7.775,True,False,True,False,False,False,False,False,False,False,False,False,False,False,True,False,False,False,False
720,721,1,2,6.0,0,1,33.0,False,False,True,False,False,False,False,False,False,False,False,True,False,False,False,False,False,False,False
721,722,0,3,17.0,1,0,7.0542,True,False,True,False,False,False,False,False,False,False,False,False,False,False,True,False,False,False,False
722,723,0,2,34.0,0,0,13.0,True,False,True,False,False,False,False,False,False,False,False,False,False,False,True,False,False,False,False
723,724,0,2,50.0,0,0,13.0,True,False,True,False,False,False,False,False,False,False,False,False,False,False,True,False,False,False,False
724,725,1,1,27.0,1,0,53.1,True,False,True,False,False,False,False,False,False,False,False,False,False,False,True,False,False,False,False
725,726,0,3,20.0,0,0,8.6625,True,False,True,False,False,False,False,False,False,False,False,False,False,False,True,False,False,False,False
726,727,1,2,30.0,3,0,21.0,False,False,True,False,False,False,False,False,False,False,False,False,False,False,False,True,False,False,False
728,729,0,2,25.0,1,0,26.0,True,False,True,False,False,False,False,False,False,False,False,False,False,False,True,False,False,False,False
729,730,0,3,25.0,1,0,7.925,False,False,True,False,False,False,False,False,False,False,False,True,False,False,False,False,False,False,False
730,731,1,1,29.0,0,0,211.3375,False,False,True,False,False,False,False,False,False,False,False,True,False,False,False,False,False,False,False
731,732,0,3,11.0,0,0,18.7875,True,False,False,False,False,False,False,False,False,False,False,False,False,False,True,False,False,False,False
733,734,0,2,23.0,0,0,13.0,True,False,True,False,False,False,False,False,False,False,False,False,False,False,True,False,False,False,False
734,735,0,2,23.0,0,0,13.0,True,False,True,False,False,False,False,False,False,False,False,False,False,False,True,False,False,False,False
735,736,0,3,28.5,0,0,16.1,True,False,True,False,False,False,False,False,False,False,False,False,False,False,True,False,False,False,False
736,737,0,3,48.0,1,3,34.375,False,False,True,False,False,False,False,False,False,False,False,False,False,False,False,True,False,False,False
737,738,1,1,35.0,0,0,512.3292,True,False,False,False,False,False,False,False,False,False,False,False,False,False,True,False,False,False,False
741,742,0,1,36.0,1,0,78.85,True,False,True,False,False,False,False,False,False,False,False,False,False,False,True,False,False,False,False
742,743,1,1,21.0,2,2,262.375,False,False,False,False,False,False,False,False,False,False,False,True,False,False,False,False,False,False,False
743,744,0,3,24.0,1,0,16.1,True,False,True,False,False,False,False,False,False,False,False,False,False,False,True,False,False,False,False
744,745,1,3,31.0,0,0,7.925,True,False,True,False,False,False,False,False,False,False,False,False,False,False,True,False,False,False,False
745,746,0,1,70.0,1,1,71.0,True,False,True,False,False,False,False,False,False,False,False,False,False,False,False,False,False,False,False
746,747,0,3,16.0,1,1,20.25,True,False,True,False,False,False,False,False,False,False,False,False,False,False,True,False,False,False,False
747,748,1,2,30.0,0,0,13.0,False,False,True,False,False,False,False,False,False,False,False,True,False,False,False,False,False,False,False
748,749,0,1,19.0,1,0,53.1,True,False,True,False,False,False,False,False,False,False,False,False,False,False,True,False,False,False,False
749,750,0,3,31.0,0,0,7.75,True,True,False,False,False,False,False,False,False,False,False,False,False,False,True,False,False,False,False
750,751,1,2,4.0,1,1,23.0,False,False,True,False,False,False,False,False,False,False,False,True,False,False,False,False,False,False,False
751,752,1,3,6.0,0,1,12.475,True,False,True,False,False,False,False,False,False,False,True,False,False,False,False,False,False,False,False
752,753,0,3,33.0,0,0,9.5,True,False,True,False,False,False,False,False,False,False,False,False,False,False,True,False,False,False,False
753,754,0,3,23.0,0,0,7.8958,True,False,True,False,False,False,False,False,False,False,False,False,False,False,True,False,False,False,False
754,755,1,2,48.0,1,2,65.0,False,False,True,False,False,False,False,False,False,False,False,False,False,False,False,True,False,False,False
755,756,1,2,0.67,1,1,14.5,True,False,True,False,False,False,False,False,False,False,True,False,False,False,False,False,False,False,False
756,757,0,3,28.0,0,0,7.7958,True,False,True,False,False,False,False,False,False,False,False,False,False,False,True,False,False,False,False
757,758,0,2,18.0,0,0,11.5,True,False,True,False,False,False,False,False,False,False,False,False,False,False,True,False,False,False,False
758,759,0,3,34.0,0,0,8.05,True,False,True,False,False,False,False,False,False,False,False,False,False,False,True,False,False,False,False
759,760,1,1,33.0,0,0,86.5,False,False,True,False,True,False,False,False,False,False,False,False,False,False,False,False,False,False,False
761,762,0,3,41.0,0,0,7.125,True,False,True,False,False,False,False,False,False,False,False,False,False,False,True,False,False,False,False
762,763,1,3,20.0,0,0,7.2292,True,False,False,False,False,False,False,False,False,False,False,False,False,False,True,False,False,False,False
763,764,1,1,36.0,1,2,120.0,False,False,True,False,False,False,False,False,False,False,False,False,False,False,False,True,False,False,False
764,765,0,3,16.0,0,0,7.775,True,False,True,False,False,False,False,False,False,False,False,False,False,False,True,False,False,False,False
765,766,1,1,51.0,1,0,77.9583,False,False,True,False,False,False,False,False,False,False,False,False,False,False,False,True,False,False,False
767,768,0,3,30.5,0,0,7.75,False,True,False,False,False,False,False,False,False,False,False,True,False,False,False,False,False,False,False
769,770,0,3,32.0,0,0,8.3625,True,False,True,False,False,False,False,False,False,False,False,False,False,False,True,False,False,False,False
770,771,0,3,24.0,0,0,9.5,True,False,True,False,False,False,False,False,False,False,False,False,False,False,True,False,False,False,False
771,772,0,3,48.0,0,0,7.8542,True,False,True,False,False,False,False,False,False,False,False,False,False,False,True,False,False,False,False
772,773,0,2,57.0,0,0,10.5,False,False,True,False,False,False,False,False,False,False,False,False,False,False,False,True,False,False,False
774,775,1,2,54.0,1,3,23.0,False,False,True,False,False,False,False,False,False,False,False,False,False,False,False,True,False,False,False
775,776,0,3,18.0,0,0,7.75,True,False,True,False,False,False,False,False,False,False,False,False,False,False,True,False,False,False,False
777,778,1,3,5.0,0,0,12.475,False,False,True,False,False,False,False,False,False,False,False,True,False,False,False,False,False,False,False
779,780,1,1,43.0,0,1,211.3375,False,False,True,False,False,False,False,False,False,False,False,False,False,False,False,True,False,False,False
780,781,1,3,13.0,0,0,7.2292,False,False,False,False,False,False,False,False,False,False,False,True,False,False,False,False,False,False,False
781,782,1,1,17.0,1,0,57.0,False,False,True,False,False,False,False,False,False,False,False,False,False,False,False,True,False,False,False
782,783,0,1,29.0,0,0,30.0,True,False,True,False,False,False,False,False,False,False,False,False,False,False,True,False,False,False,False
784,785,0,3,25.0,0,0,7.05,True,False,True,False,False,False,False,False,False,False,False,False,False,False,True,False,False,False,False
785,786,0,3,25.0,0,0,7.25,True,False,True,False,False,False,False,False,False,False,False,False,False,False,True,False,False,False,False
786,787,1,3,18.0,0,0,7.4958,False,False,True,False,False,False,False,False,False,False,False,True,False,False,False,False,False,False,False
787,788,0,3,8.0,4,1,29.125,True,True,False,False,False,False,False,False,False,False,True,False,False,False,False,False,False,False,False
788,789,1,3,1.0,1,2,20.575,True,False,True,False,False,False,False,False,False,False,True,False,False,False,False,False,False,False,False
789,790,0,1,46.0,0,0,79.2,True,False,False,False,False,False,False,False,False,False,False,False,False,False,True,False,False,False,False
791,792,0,2,16.0,0,0,26.0,True,False,True,False,False,False,False,False,False,False,False,False,False,False,True,False,False,False,False
794,795,0,3,25.0,0,0,7.8958,True,False,True,False,False,False,False,False,False,False,False,False,False,False,True,False,False,False,False
795,796,0,2,39.0,0,0,13.0,True,False,True,False,False,False,False,False,False,False,False,False,False,False,True,False,False,False,False
796,797,1,1,49.0,0,0,25.9292,False,False,True,False,False,False,True,False,False,False,False,False,False,False,False,False,False,False,False
797,798,1,3,31.0,0,0,8.6833,False,False,True,False,False,False,False,False,False,False,False,False,False,False,False,True,False,False,False
798,799,0,3,30.0,0,0,7.2292,True,False,False,False,False,False,False,False,False,False,False,False,False,False,True,False,False,False,False
799,800,0,3,30.0,1,1,24.15,False,False,True,False,False,False,False,False,False,False,False,False,False,False,False,True,False,False,False
800,801,0,2,34.0,0,0,13.0,True,False,True,False,False,False,False,False,False,False,False,False,False,False,True,False,False,False,False
801,802,1,2,31.0,1,1,26.25,False,False,True,False,False,False,False,False,False,False,False,False,False,False,False,True,False,False,False
802,803,1,1,11.0,1,2,120.0,True,False,True,False,False,False,False,False,False,False,True,False,False,False,False,False,False,False,False
803,804,1,3,0.42,0,1,8.5167,True,False,False,False,False,False,False,False,False,False,True,False,False,False,False,False,False,False,False
804,805,1,3,27.0,0,0,6.975,True,False,True,False,False,False,False,False,False,False,False,False,False,False,True,False,False,False,False
805,806,0,3,31.0,0,0,7.775,True,False,True,False,False,False,False,False,False,False,False,False,False,False,True,False,False,False,False
806,807,0,1,39.0,0,0,0.0,True,False,True,False,False,False,False,False,False,False,False,False,False,False,True,False,False,False,False
807,808,0,3,18.0,0,0,7.775,False,False,True,False,False,False,False,False,False,False,False,True,False,False,False,False,False,False,False
808,809,0,2,39.0,0,0,13.0,True,False,True,False,False,False,False,False,False,False,False,False,False,False,True,False,False,False,False
809,810,1,1,33.0,1,0,53.1,False,False,True,False,False,False,False,False,False,False,False,False,False,False,False,True,False,False,False
810,811,0,3,26.0,0,0,7.8875,True,False,True,False,False,False,False,False,False,False,False,False,False,False,True,False,False,False,False
811,812,0,3,39.0,0,0,24.15,True,False,True,False,False,False,False,False,False,False,False,False,False,False,True,False,False,False,False
812,813,0,2,35.0,0,0,10.5,True,False,True,False,False,False,False,False,False,False,False,False,False,False,True,False,False,False,False
813,814,0,3,6.0,4,2,31.275,False,False,True,False,False,False,False,False,False,False,False,True,False,False,False,False,False,False,False
814,815,0,3,30.5,0,0,8.05,True,False,True,False,False,False,False,False,False,False,False,False,False,False,True,False,False,False,False
816,817,0,3,23.0,0,0,7.925,False,False,True,False,False,False,False,False,False,False,False,True,False,False,False,False,False,False,False
817,818,0,2,31.0,1,1,37.0042,True,False,False,False,False,False,False,False,False,False,False,False,False,False,True,False,False,False,False
818,819,0,3,43.0,0,0,6.45,True,False,True,False,False,False,False,False,False,False,False,False,False,False,True,False,False,False,False
819,820,0,3,10.0,3,2,27.9,True,False,True,False,False,False,False,False,False,False,True,False,False,False,False,False,False,False,False
820,821,1,1,52.0,1,1,93.5,False,False,True,False,False,False,False,False,False,False,False,False,False,False,False,True,False,False,False
821,822,1,3,27.0,0,0,8.6625,True,False,True,False,False,False,False,False,False,False,False,False,False,False,True,False,False,False,False
822,823,0,1,38.0,0,0,0.0,True,False,True,False,False,False,False,True,False,False,False,False,False,False,False,False,False,False,False
823,824,1,3,27.0,0,1,12.475,False,False,True,False,False,False,False,False,False,False,False,False,False,False,False,True,False,False,False
824,825,0,3,2.0,4,1,39.6875,True,False,True,False,False,False,False,False,False,False,True,False,False,False,False,False,False,False,False
827,828,1,2,1.0,0,2,37.0042,True,False,False,False,False,False,False,False,False,False,True,False,False,False,False,False,False,False,False
829,830,1,1,62.0,0,0,80.0,False,False,True,False,False,False,False,False,False,False,False,False,False,False,False,True,False,False,False
830,831,1,3,15.0,1,0,14.4542,False,False,False,False,False,False,False,False,False,False,False,False,False,False,False,True,False,False,False
831,832,1,2,0.83,1,1,18.75,True,False,True,False,False,False,False,False,False,False,True,False,False,False,False,False,False,False,False
833,834,0,3,23.0,0,0,7.8542,True,False,True,False,False,False,False,False,False,False,False,False,False,False,True,False,False,False,False
834,835,0,3,18.0,0,0,8.3,True,False,True,False,False,False,False,False,False,False,False,False,False,False,True,False,False,False,False
835,836,1,1,39.0,1,1,83.1583,False,False,False,False,False,False,False,False,False,False,False,True,False,False,False,False,False,False,False
836,837,0,3,21.0,0,0,8.6625,True,False,True,False,False,False,False,False,False,False,False,False,False,False,True,False,False,False,False
838,839,1,3,32.0,0,0,56.4958,True,False,True,False,False,False,False,False,False,False,False,False,False,False,True,False,False,False,False
840,841,0,3,20.0,0,0,7.925,True,False,True,False,False,False,False,False,False,False,False,False,False,False,True,False,False,False,False
841,842,0,2,16.0,0,0,10.5,True,False,True,False,False,False,False,False,False,False,False,False,False,False,True,False,False,False,False
842,843,1,1,30.0,0,0,31.0,False,False,False,False,False,False,False,False,False,False,False,True,False,False,False,False,False,False,False
843,844,0,3,34.5,0,0,6.4375,True,False,False,False,False,False,False,False,False,False,False,False,False,False,True,False,False,False,False
844,845,0,3,17.0,0,0,8.6625,True,False,True,False,False,False,False,False,False,False,False,False,False,False,True,False,False,False,False
845,846,0,3,42.0,0,0,7.55,True,False,True,False,False,False,False,False,False,False,False,False,False,False,True,False,False,False,False
847,848,0,3,35.0,0,0,7.8958,True,False,False,False,False,False,False,False,False,False,False,False,False,False,True,False,False,False,False
848,849,0,2,28.0,0,1,33.0,True,False,True,False,False,False,False,False,False,False,False,False,False,False,False,False,False,True,False
850,851,0,3,4.0,4,2,31.275,True,False,True,False,False,False,False,False,False,False,True,False,False,False,False,False,False,False,False
851,852,0,3,74.0,0,0,7.775,True,False,True,False,False,False,False,False,False,False,False,False,False,False,True,False,False,False,False
852,853,0,3,9.0,1,1,15.2458,False,False,False,False,False,False,False,False,False,False,False,True,False,False,False,False,False,False,False
853,854,1,1,16.0,0,1,39.4,False,False,True,False,False,False,False,False,False,False,False,True,False,False,False,False,False,False,False
854,855,0,2,44.0,1,0,26.0,False,False,True,False,False,False,False,False,False,False,False,False,False,False,False,True,False,False,False
855,856,1,3,18.0,0,1,9.35,False,False,True,False,False,False,False,False,False,False,False,False,False,False,False,True,False,False,False
856,857,1,1,45.0,1,1,164.8667,False,False,True,False,False,False,False,False,False,False,False,False,False,False,False,True,False,False,False
857,858,1,1,51.0,0,0,26.55,True,False,True,False,False,False,False,False,False,False,False,False,False,False,True,False,False,False,False
858,859,1,3,24.0,0,3,19.2583,False,False,False,False,False,False,False,False,False,False,False,False,False,False,False,True,False,False,False
860,861,0,3,41.0,2,0,14.1083,True,False,True,False,False,False,False,False,False,False,False,False,False,False,True,False,False,False,False
861,862,0,2,21.0,1,0,11.5,True,False,True,False,False,False,False,False,False,False,False,False,False,False,True,False,False,False,False
862,863,1,1,48.0,0,0,25.9292,False,False,True,False,False,False,False,False,False,False,False,False,False,False,False,True,False,False,False
864,865,0,2,24.0,0,0,13.0,True,False,True,False,False,False,False,False,False,False,False,False,False,False,True,False,False,False,False
865,866,1,2,42.0,0,0,13.0,False,False,True,False,False,False,False,False,False,False,False,False,False,False,False,True,False,False,False
866,867,1,2,27.0,1,0,13.8583,False,False,False,False,False,False,False,False,False,False,False,True,False,False,False,False,False,False,False
867,868,0,1,31.0,0,0,50.4958,True,False,True,False,False,False,False,False,False,False,False,False,False,False,True,False,False,False,False
869,870,1,3,4.0,1,1,11.1333,True,False,True,False,False,False,False,False,False,False,True,False,False,False,False,False,False,False,False
870,871,0,3,26.0,0,0,7.8958,True,False,True,False,False,False,False,False,False,False,False,False,False,False,True,False,False,False,False
871,872,1,1,47.0,1,1,52.5542,False,False,True,False,False,False,False,False,False,False,False,False,False,False,False,True,False,False,False
872,873,0,1,33.0,0,0,5.0,True,False,True,False,False,False,False,False,False,False,False,False,False,False,True,False,False,False,False
873,874,0,3,47.0,0,0,9.0,True,False,True,False,False,False,False,False,False,False,False,False,False,False,True,False,False,False,False
874,875,1,2,28.0,1,0,24.0,False,False,False,False,False,False,False,False,False,False,False,False,False,False,False,True,False,False,False
875,876,1,3,15.0,0,0,7.225,False,False,False,False,False,False,False,False,False,False,False,True,False,False,False,False,False,False,False
876,877,0,3,20.0,0,0,9.8458,True,False,True,False,False,False,False,False,False,False,False,False,False,False,True,False,False,False,False
877,878,0,3,19.0,0,0,7.8958,True,False,True,False,False,False,False,False,False,False,False,False,False,False,True,False,False,False,False
879,880,1,1,56.0,0,1,83.1583,False,False,False,False,False,False,False,False,False,False,False,False,False,False,False,True,False,False,False
880,881,1,2,25.0,0,1,26.0,False,False,True,False,False,False,False,False,False,False,False,False,False,False,False,True,False,False,False
881,882,0,3,33.0,0,0,7.8958,True,False,True,False,False,False,False,False,False,False,False,False,False,False,True,False,False,False,False
882,883,0,3,22.0,0,0,10.5167,False,False,True,False,False,False,False,False,False,False,False,True,False,False,False,False,False,False,False
883,884,0,2,28.0,0,0,10.5,True,False,True,False,False,False,False,False,False,False,False,False,False,False,True,False,False,False,False
884,885,0,3,25.0,0,0,7.05,True,False,True,False,False,False,False,False,False,False,False,False,False,False,True,False,False,False,False
885,886,0,3,39.0,0,5,29.125,False,True,False,False,False,False,False,False,False,False,False,False,False,False,False,True,False,False,False
886,887,0,2,27.0,0,0,13.0,True,False,True,False,False,False,False,False,False,False,False,False,False,False,False,False,False,True,False
887,888,1,1,19.0,0,0,30.0,False,False,True,False,False,False,False,False,False,False,False,True,False,False,False,False,False,False,False
889,890,1,1,26.0,0,0,30.0,True,False,False,False,False,False,False,False,False,False,False,False,False,False,True,False,False,False,False
890,891,0,3,32.0,0,0,7.75,True,True,False,False,False,False,False,False,False,False,False,False,False,False,True,False,False,False,False
